Trans. Date,Post Date,Description,Amount,Category
01/04/2025,01/04/2025,"PY *HONEY B'S MACARONS HIGHLANDS RANCO",7.00,"Merchandise"
01/04/2025,01/04/2025,"SQ *SPRINGER HIGHLANDS RANCO0001152921514966225854",14.00,"Restaurants"
01/05/2025,01/07/2025,"PY *ENCHANTED GROUNDS 2 HIGHLANDS RANCO",6.21,"Restaurants"
01/06/2025,01/07/2025,"AMAZON.COM*ZD00T5CJ0 AMZN.COM/BILLWA7KF58Q1TC62",106.08,"Merchandise"
01/06/2025,01/07/2025,"KING SOOPERS #0027 HIGHLANDS RANCO",13.65,"Supermarkets"
01/06/2025,01/07/2025,"REI #61 GREENWOOD VIL. GREENWOOD VILCO00671R",5.30,"Merchandise"
01/07/2025,01/07/2025,"AMAZON.COM*Z56740CO2 AMZN.COM/BILLWA6JY4GCL2UYA",18.67,"Merchandise"
01/07/2025,01/07/2025,"KING SOOPERS #0027 HIGHLANDS RANCO",28.33,"Supermarkets"
01/07/2025,01/07/2025,"LS RENEWED TREASURES 7204461877 CO",32.40,"Merchandise"
01/09/2025,01/09/2025,"CHICK-FIL-A #02954 DENVER CO",14.85,"Restaurants"
01/09/2025,01/09/2025,"SPAVIA LOWRY TOWN CTR 7206427900 CO",239.80,"Medical Services"
01/10/2025,01/10/2025,"CHERRY CREEK 5940 DENVER CO",3.00,"Services"
01/10/2025,01/10/2025,"TARGET 00027169091 LITTLETON CO",15.52,"Supermarkets"
01/13/2025,01/13/2025,"SQ *TROMPEAU BAKERY - DENVER CO0001152921515023221802",9.39,"Supermarkets"
01/14/2025,01/14/2025,"IN-N-OUT LONE TREE LONE TREE CO01444R",11.18,"Restaurants"
01/14/2025,01/14/2025,"WALGREENS #3489 HIGHLANDS RANCO",19.61,"Merchandise"
01/16/2025,01/16/2025,"JIMMY JOHNS - 550 KEARNEY NE",4.95,"Restaurants"
01/17/2025,01/17/2025,"WALMART STORE 00749 AMES IA",15.19,"Merchandise"
01/17/2025,01/17/2025,"WALMART STORE 00749 AMES IA",90.57,"Merchandise"
01/18/2025,01/18/2025,"DOG-EARED BOOKS AMES IA",19.26,"Merchandise"
01/18/2025,01/18/2025,"WALMART STORE 00749 AMES IA",9.38,"Merchandise"
01/18/2025,01/18/2025,"WALMART STORE 00749 AMES IA",53.91,"Merchandise"
01/19/2025,01/19/2025,"KUM&GO 0535R DES MOIN DES MOINES IA01973R",30.64,"Gasoline"
01/19/2025,01/19/2025,"PY *SMOKEY ROW CARLISLE CARLISLE IA",4.28,"Restaurants"
01/19/2025,01/19/2025,"WALMART WMTPAY 00749 AMES IA",26.67,"Merchandise"
01/21/2025,01/21/2025,"INTERNET PAYMENT - THANK YOU",-825.52,"Payments and Credits"
01/21/2025,01/21/2025,"ISU EVENT REGISTRATION 515-294-6222 IA",16.00,"Education"
01/22/2025,01/22/2025,"CANTEEN VENDING WEST DES MOINIA02241R",1.60,"Restaurants"
01/22/2025,01/22/2025,"EL AZTECA AMES IA",25.02,"Restaurants"
01/23/2025,01/23/2025,"ISU COURTYARD CAFE AMES IA",5.94,"Restaurants"
01/23/2025,01/23/2025,"WALMART STORE 00749 AMES IA",10.78,"Merchandise"
01/23/2025,01/23/2025,"WALMART STORE 00749 AMES IA",14.14,"Merchandise"
01/24/2025,01/24/2025,"WALMART STORE 00749 AMES IA",57.30,"Merchandise"
01/25/2025,01/25/2025,"PAYPAL * SAFE PAWS 888-221-1161 CA",10.00,"Services"
01/26/2025,01/26/2025,"WALMART STORE 00749 AMES IA",50.19,"Merchandise"
01/27/2025,01/27/2025,"PY *PROVISIONS LOT F AMES IA",20.00,"Restaurants"
01/28/2025,01/28/2025,"FAREWAY STORES #093 AMES IA",44.84,"Supermarkets"
01/28/2025,01/28/2025,"WALMART STORE 00749 AMES IA",17.23,"Merchandise"
01/29/2025,01/29/2025,"FAREWAY STORES #093 AMES IA",18.61,"Supermarkets"
01/31/2025,01/31/2025,"CASEYS GENERAL STORE DALLAS CENTERIA",10.47,"Gasoline"
01/31/2025,01/31/2025,"INTERNET PAYMENT - THANK YOU",-307.96,"Payments and Credits"
01/31/2025,01/31/2025,"WALMART STORE 00749 AMES IA",136.17,"Merchandise"
02/02/2025,02/02/2025,"PETCO 1683 AMES IA",72.39,"Merchandise"
02/02/2025,02/02/2025,"WALMART STORE 00749 AMES IA",51.82,"Merchandise"
02/04/2025,02/04/2025,"FAREWAY STORES #093 AMES IA",18.62,"Supermarkets"
02/04/2025,02/04/2025,"WALMART STORE 00749 AMES IA",34.18,"Merchandise"
02/05/2025,02/05/2025,"INTERNET PAYMENT - THANK YOU",-289.46,"Payments and Credits"
02/05/2025,02/05/2025,"JIMMY JOHNS - 1757 AMES IA",8.55,"Restaurants"
02/05/2025,02/05/2025,"WALMART STORE 00749 AMES IA",125.17,"Merchandise"
02/05/2025,02/07/2025,"CASEYS STORE 4315 AMES IA",3.52,"Gasoline"
02/05/2025,02/07/2025,"CASEYS STORE 4315 AMES IA",37.65,"Gasoline"
02/05/2025,02/07/2025,"KUM&GO 1113R AMES AMES IA00507R",42.58,"Gasoline"
02/06/2025,02/07/2025,"PETCO 1683 AMES IA",22.46,"Merchandise"
02/06/2025,02/07/2025,"WALMART SC 00749 AMES IA",-32.03,"Payments and Credits"
02/06/2025,02/07/2025,"WALMART SC 00749 AMES IA",-20.31,"Payments and Credits"
02/06/2025,02/07/2025,"WALMART SC 00749 AMES IA",-16.03,"Payments and Credits"
02/06/2025,02/07/2025,"WALMART STORE 00749 AMES IA",2.22,"Merchandise"
02/06/2025,02/07/2025,"WALMART STORE 00749 AMES IA",6.24,"Merchandise"
02/06/2025,02/07/2025,"WALMART STORE 00749 AMES IA",43.97,"Merchandise"
02/06/2025,02/07/2025,"WALMART WMTPAY 00749 AMES IA",16.02,"Merchandise"
02/06/2025,02/07/2025,"WHEATSFIELD COOPERATIVE AMES IA",15.40,"Supermarkets"
02/09/2025,02/09/2025,"PETCO 1683 AMES IA",216.05,"Merchandise"
02/09/2025,02/09/2025,"WALMART STORE 00749 AMES IA",15.40,"Merchandise"
02/09/2025,02/09/2025,"WALMART STORE 00749 AMES IA",83.91,"Merchandise"
02/09/2025,02/10/2025,"WALMART SC 00749 AMES IA",-16.02,"Payments and Credits"
02/10/2025,02/10/2025,"FAREWAY STORES #093 AMES IA",5.98,"Supermarkets"
02/10/2025,02/10/2025,"WALMART STORE 00749 AMES IA",10.66,"Merchandise"
02/11/2025,02/11/2025,"WALMART STORE 00749 AMES IA",5.93,"Merchandise"
02/13/2025,02/13/2025,"CASHBACK BONUS REDEMPTION PYMT/STMT CRDT",-46.74,"Awards and Rebate Credits"
02/13/2025,02/13/2025,"EL AZTECA AMES IA",22.83,"Restaurants"
02/13/2025,02/13/2025,"INTERNET PAYMENT - THANK YOU",-583.38,"Payments and Credits"
02/13/2025,02/13/2025,"PETCO 1683 AMES IA",44.37,"Merchandise"
02/14/2025,02/14/2025,"CHICK-FIL-A #03589 AMES IA",14.47,"Restaurants"
02/14/2025,02/14/2025,"SQ *CHOCOLATERIE STAM AMES IA0002305843021451601947",20.32,"Supermarkets"
02/14/2025,02/14/2025,"TARGET 00011700091 AMES IA",122.56,"Supermarkets"
02/14/2025,02/14/2025,"WALMART STORE 00749 AMES IA",36.07,"Merchandise"
02/15/2025,02/15/2025,"AUNT MAUDE'S AMES IA",75.00,"Restaurants"
02/15/2025,02/15/2025,"WALMART STORE 00749 AMES IA",17.70,"Merchandise"
02/16/2025,02/16/2025,"WHEATSFIELD COOPERATIVE AMES IA",7.90,"Supermarkets"
02/17/2025,02/17/2025,"TACO BELL #30421 AMES IA",12.60,"Restaurants"
02/18/2025,02/18/2025,"FAREWAY STORES #093 AMES IA",48.98,"Supermarkets"
02/18/2025,02/18/2025,"TST*BURGIES COFFEE NOR AMES IA00003308023098636167AA",6.20,"Restaurants"
02/18/2025,02/18/2025,"WALMART STORE 00749 AMES IA",24.65,"Merchandise"
02/19/2025,02/19/2025,"WALMART STORE 00749 AMES IA",5.42,"Merchandise"
02/20/2025,02/20/2025,"AMAZON MKTPL*6F32M1UH3 AMZN.COM/BILLWA4U7T6IEYFF5",26.75,"Merchandise"
02/21/2025,02/21/2025,"CASEYS STORE 4315 AMES IA",38.58,"Gasoline"
02/22/2025,02/22/2025,"WALMART STORE 00749 AMES IA",2.91,"Merchandise"
02/22/2025,02/22/2025,"WALMART STORE 00749 AMES IA",37.61,"Merchandise"
02/23/2025,02/23/2025,"INTERNET PAYMENT - THANK YOU",-485.82,"Payments and Credits"
02/25/2025,02/25/2025,"FAREWAY STORES #093 AMES IA",9.90,"Supermarkets"
02/25/2025,02/25/2025,"PETCO 1683 AMES IA",101.23,"Merchandise"
02/25/2025,02/25/2025,"WALMART STORE 00749 AMES IA",39.95,"Merchandise"
02/27/2025,02/27/2025,"DAIRY QUEEN #19341 AMES IA",5.34,"Restaurants"
02/27/2025,02/27/2025,"WALMART STORE 00749 AMES IA",26.68,"Merchandise"
03/01/2025,03/01/2025,"JERSEY MIKES 38008 AMES IA",17.31,"Restaurants"
03/01/2025,03/01/2025,"RAISING CANES 0667 ALTOONA IA00160R",12.16,"Restaurants"
03/01/2025,03/01/2025,"THE CAFE AMES IA",11.40,"Restaurants"
03/02/2025,03/02/2025,"WALMART STORE 00749 AMES IA",41.38,"Merchandise"
03/03/2025,03/03/2025,"WALMART STORE 00749 AMES IA",5.97,"Merchandise"
03/04/2025,03/04/2025,"FAREWAY STORES #093 AMES IA",10.65,"Supermarkets"
03/04/2025,03/04/2025,"WALMART STORE 00749 AMES IA",51.25,"Merchandise"
03/05/2025,03/05/2025,"GOODWILL AMES AMES IA",20.00,"Merchandise"
03/06/2025,03/07/2025,"PY *PROVISIONS LOT F AMES IA",8.56,"Restaurants"
03/08/2025,03/08/2025,"JERSEY MIKES 38008 AMES IA",18.00,"Restaurants"
03/09/2025,03/09/2025,"WALMART STORE 00749 AMES IA",6.51,"Merchandise"
03/10/2025,03/10/2025,"WALGREENS #12108 AMES IA",18.18,"Merchandise"
03/11/2025,03/11/2025,"CAFEBEAUDELAIRE AMES IA",8.00,"Restaurants"
03/11/2025,03/11/2025,"STARBUCKS STORE 62713 AMES IA832CFAD03E97717930",5.30,"Restaurants"
03/11/2025,03/11/2025,"WALMART STORE 00749 AMES IA",18.84,"Merchandise"
03/12/2025,03/12/2025,"HEAPING PLATO AMES IA",3.40,"Restaurants"
03/12/2025,03/12/2025,"HEAPING PLATO AMES IA",10.45,"Restaurants"
03/12/2025,03/12/2025,"WL *STEAM PURCHASE 425-889-9642 WA00016J1AU1ZUC001001",10.59,"Merchandise"
03/13/2025,03/13/2025,"JIMMY JOHNS # 538 AMES IA",20.30,"Restaurants"
03/13/2025,03/13/2025,"NOODLES & CO 531 AMES IA",12.36,"Restaurants"
03/13/2025,03/13/2025,"PETCO 1683 AMES IA",50.41,"Merchandise"
03/13/2025,03/13/2025,"WALMART STORE 04256 AMES IA",32.83,"Merchandise"
03/14/2025,03/14/2025,"CASEYS STORE 4315 AMES IA",36.21,"Gasoline"
03/14/2025,03/14/2025,"FREDDY'S 50-0004 AMES IA",6.61,"Restaurants"
03/14/2025,03/14/2025,"FRONTIER RESERVATIONS DS DENVER CO",129.98,"Travel/ Entertainment"
03/14/2025,03/14/2025,"WALMART STORE 00749 AMES IA",14.40,"Merchandise"
03/14/2025,03/14/2025,"WALMART STORE 00749 AMES IA",91.01,"Merchandise"
03/15/2025,03/15/2025,"BEST OF VALLEY MKT ST2 PHOENIX AZ",14.11,"Merchandise"
03/15/2025,03/15/2025,"CATALINA EXPRESS SAN PEDRO CA",10.10,"Restaurants"
03/15/2025,03/15/2025,"INTERNET PAYMENT - THANK YOU",-605.64,"Payments and Credits"
03/15/2025,03/15/2025,"SQ *CATALINA TRANSPORT AVALON CA0001152921515215007010",25.70,"Travel/ Entertainment"
03/15/2025,03/15/2025,"STPAULMAGST2607 SAINT PAUL MN",12.52,"Merchandise"
03/16/2025,03/16/2025,"AVALON GAS STATION AVALON CA01659R",3.09,"Gasoline"
03/16/2025,03/16/2025,"AVALONS PLAZA CAFE 2 AVALON CA",9.85,"Restaurants"
03/16/2025,03/16/2025,"FH* CATALINA EXPRESS 8554955551 CA",65.00,"Travel/ Entertainment"
03/16/2025,03/16/2025,"PY *CAFE METROPOLE AVALON CA",13.75,"Restaurants"
03/16/2025,03/16/2025,"PY *THE PANCAKE COTTAGE AVALON CA",11.00,"Restaurants"
03/16/2025,03/16/2025,"PY *THE PANCAKE COTTAGE AVALON CA",28.90,"Restaurants"
03/16/2025,03/16/2025,"SQ *CATALINA BY THE SE AVALON CA0001152921515216398078",40.69,"Merchandise"
03/16/2025,03/16/2025,"VONS #3280 AVALON CA",15.96,"Supermarkets"
03/17/2025,03/17/2025,"CASEYS #1427 CLEAR LAKE IA",5.01,"Gasoline"
03/17/2025,03/17/2025,"KUM&GO 0301R CLEAR LA CLEAR LAKE IA01743R",34.40,"Gasoline"
03/17/2025,03/17/2025,"MSP AIRPORT PARKING SAINT PAUL MN",49.92,"Services"
03/17/2025,03/17/2025,"WALMART STORE 00749 AMES IA",14.94,"Merchandise"
03/18/2025,03/18/2025,"WALMART STORE 00749 AMES IA",69.31,"Merchandise"
03/19/2025,03/19/2025,"CINEMARK 264 RSTBAR AMES IA",10.32,"Restaurants"
03/19/2025,03/19/2025,"EL AZTECA AMES IA",16.00,"Restaurants"
03/20/2025,03/20/2025,"WALMART STORE 00749 AMES IA",1.84,"Merchandise"
03/20/2025,03/20/2025,"WALMART STORE 00749 AMES IA",17.11,"Merchandise"
03/20/2025,03/20/2025,"WALMART STORE 00749 AMES IA",30.30,"Merchandise"
03/20/2025,03/21/2025,"WALMART SC 00749 AMES IA",-3.33,"Payments and Credits"
03/22/2025,03/22/2025,"INTERNET PAYMENT - THANK YOU",-825.11,"Payments and Credits"
03/22/2025,03/22/2025,"TACO BELL #30421 AMES IA",7.58,"Restaurants"
03/22/2025,03/22/2025,"WALMART STORE 00749 AMES IA",7.52,"Merchandise"
03/23/2025,03/23/2025,"PETCO 1683 AMES IA",15.90,"Merchandise"
03/23/2025,03/23/2025,"THE CAFE AMES IA",25.17,"Restaurants"
03/23/2025,03/23/2025,"WALMART STORE 00749 AMES IA",9.62,"Merchandise"
03/25/2025,03/25/2025,"WALMART STORE 00749 AMES IA",23.49,"Merchandise"
03/26/2025,03/26/2025,"GARBANZO - AMES AMES IA",16.69,"Restaurants"
03/26/2025,03/26/2025,"ISU MU FOOD COURT AMES IA",6.95,"Restaurants"
03/27/2025,03/27/2025,"GIT N GO 27 DES MOINES IA",42.10,"Gasoline"
03/27/2025,03/27/2025,"SQ *SODALITE DES MOINES IA0001152921515254262219",55.37,"Services"
03/27/2025,03/27/2025,"WALMART STORE 00749 AMES IA",26.48,"Merchandise"
03/28/2025,03/28/2025,"CANTEEN 43 HUNT VALLEY MD",3.85,"Restaurants"
03/28/2025,03/28/2025,"KINDLE SVCS*8I8896LU3 888-802-3080 WA6GQANCYR5C7",3.20,"Merchandise"
03/29/2025,03/29/2025,"CASEYS #2488 NORTH ENGLISHIA",36.49,"Gasoline"
03/30/2025,03/30/2025,"WALMART STORE 00749 AMES IA",125.27,"Merchandise"
03/31/2025,03/31/2025,"INTERNET PAYMENT - THANK YOU",-243.92,"Payments and Credits"
03/31/2025,03/31/2025,"PAYPAL *G2A COM LTD 888-221-1161 CA",14.92,"Merchandise"
03/31/2025,03/31/2025,"VALVE BELLEVUE WA",10.59,"Merchandise"
04/01/2025,04/01/2025,"WALMART STORE 00749 AMES IA",79.16,"Merchandise"
04/01/2025,04/02/2025,"VALVE BELLEVUE WA",-10.59,"Payments and Credits"
04/02/2025,04/02/2025,"IASTATE ACCT RCVBL UBILL AMES IA",2.42,"Education"
04/02/2025,04/02/2025,"NAYAX LLC HUNT VALLEY MD",1.85,"Restaurants"
04/02/2025,04/02/2025,"NBS-IST SERVICE FEE LINCOLN NE",0.07,"Education"
04/02/2025,04/02/2025,"PETCO 1683 AMES IA",55.14,"Merchandise"
04/03/2025,04/03/2025,"CULVERS OF AMES AMES IA",7.32,"Restaurants"
04/03/2025,04/03/2025,"WALMART STORE 00749 AMES IA",7.79,"Merchandise"
04/04/2025,04/04/2025,"PADDYS IRISH PUB AMES IA",15.00,"Restaurants"
04/05/2025,04/05/2025,"EL AZTECA AMES IA",46.18,"Restaurants"
04/06/2025,04/06/2025,"INTERNET PAYMENT - THANK YOU",-345.43,"Payments and Credits"
04/06/2025,04/07/2025,"CASEYS STORE 4315 AMES IA",2.78,"Gasoline"
04/06/2025,04/07/2025,"CASEYS STORE 4315 AMES IA",39.36,"Gasoline"
04/07/2025,04/07/2025,"ISU COURTYARD CAFE AMES IA",2.49,"Restaurants"
04/07/2025,04/07/2025,"STARBUCKS STORE 62713 AMES IAEE040894A9B0696240",4.23,"Restaurants"
04/08/2025,04/08/2025,"FAREWAY STORES #093 AMES IA",36.30,"Supermarkets"
04/08/2025,04/08/2025,"WALMART STORE 00749 AMES IA",69.21,"Merchandise"
04/11/2025,04/11/2025,"INTERNET PAYMENT - THANK YOU",-200.55,"Payments and Credits"
04/11/2025,04/11/2025,"ORDER.NOODLES.COM 2122600895 CO",13.91,"Restaurants"
04/11/2025,04/11/2025,"WALMART STORE 00749 AMES IA",32.62,"Merchandise"
04/12/2025,04/12/2025,"SALLY BEAUTY #0871 AMES IA",41.71,"Merchandise"
04/13/2025,04/13/2025,"LUDUS.COM* AMES HIGH S 8335838722 MIAPPLE PAY ENDING IN 7439",16.50,"Travel/ Entertainment"
04/13/2025,04/13/2025,"WALMART STORE 00749 AMES IA",23.59,"Merchandise"
04/13/2025,04/13/2025,"WALMART STORE 00749 AMES IA",42.71,"Merchandise"
04/13/2025,04/14/2025,"WALMART SC 00749 AMES IA",-31.99,"Payments and Credits"
04/15/2025,04/15/2025,"THE CAFE AMES IA",6.89,"Restaurants"
04/16/2025,04/16/2025,"WALMART STORE 00749 AMES IA",2.33,"Merchandise"
04/16/2025,04/16/2025,"WALMART STORE 00749 AMES IA",7.89,"Merchandise"
04/16/2025,04/16/2025,"WALMART STORE 00749 AMES IA",10.45,"Merchandise"
04/16/2025,04/16/2025,"WALMART STORE 00749 AMES IA",11.91,"Merchandise"
04/17/2025,04/17/2025,"WALMART STORE 00749 AMES IA",1.98,"Merchandise"
04/17/2025,04/17/2025,"WALMART STORE 00749 AMES IA",19.16,"Merchandise"
04/18/2025,04/18/2025,"CHICK-FIL-A #03589 AMES IA",19.44,"Restaurants"
04/18/2025,04/18/2025,"CINEMARK 264 ONLINE CINEMARK.COM IAAPPLE PAY ENDING IN 7439",7.76,"Travel/ Entertainment"
04/18/2025,04/18/2025,"WALMART STORE 00749 AMES IA",2.12,"Merchandise"
04/21/2025,04/21/2025,"INTERNET PAYMENT - THANK YOU",-228.98,"Payments and Credits"
04/21/2025,04/21/2025,"WALMART STORE 00749 AMES IA",58.66,"Merchandise"
04/23/2025,04/23/2025,"CASEYS #2905 AMES IA",3.19,"Gasoline"
04/23/2025,04/23/2025,"CASEYS STORE 4315 AMES IA",32.64,"Gasoline"
04/23/2025,04/23/2025,"FIVE GUYS 4031 QSR AMES IA",14.25,"Restaurants"
04/23/2025,04/23/2025,"LOVE'S #0702 INSIDE WATERLOO IA0007020003045600251130",3.09,"Gasoline"
04/25/2025,04/25/2025,"WALMART STORE 00749 AMES IA",19.37,"Merchandise"
04/25/2025,04/27/2025,"WALMART SC 00749 AMES IA",-2.72,"Payments and Credits"
04/26/2025,04/26/2025,"CAFEBEAUDELAIRE AMES IA",48.68,"Restaurants"
04/26/2025,04/26/2025,"PY *SMOKEY ROW DES MOINE DES MOINES IA",7.37,"Restaurants"
04/27/2025,04/27/2025,"THE CAFE AMES IA",30.00,"Restaurants"
04/27/2025,04/27/2025,"WALMART STORE 00749 AMES IA",9.90,"Merchandise"
04/28/2025,04/28/2025,"AMAZON MKTPL*JK25H5643 AMZN.COM/BILLWA33F7RKAVMDG",16.03,"Merchandise"
04/28/2025,04/28/2025,"SLATE TROY MI",50.00,"Automotive"
04/28/2025,04/28/2025,"WALMART STORE 00749 AMES IA",21.37,"Merchandise"
04/29/2025,04/29/2025,"THE ROASTERIE AMES IAAPPLE PAY ENDING IN 7439",4.05,"Restaurants"
04/30/2025,04/30/2025,"ISU MU FOOD COURT AMES IA",7.95,"Restaurants"
04/30/2025,04/30/2025,"WALGREENS #12108 AMES IA",49.17,"Merchandise"
05/01/2025,05/01/2025,"ISU COURTYARD CAFE AMES IA",4.05,"Restaurants"
05/01/2025,05/01/2025,"TACO BELL #30421 AMES IA",10.00,"Restaurants"
05/01/2025,05/01/2025,"THE ROASTERIE AMES IA",4.70,"Restaurants"
05/02/2025,05/02/2025,"CAFEBEAUDELAIRE AMES IA",6.00,"Restaurants"
05/02/2025,05/02/2025,"WALMART STORE 00749 AMES IA",27.51,"Merchandise"
05/03/2025,05/03/2025,"CASEYS STORE 4315 AMES IA",35.28,"Gasoline"
05/03/2025,05/03/2025,"CHICK-FIL-A #05093 PELLA IA",3.31,"Restaurants"
05/03/2025,05/03/2025,"JIMMY JOHNS - 1631 PELLA IA",13.03,"Restaurants"
05/03/2025,05/03/2025,"WALMART STORE 00749 AMES IA",4.56,"Merchandise"
05/04/2025,05/04/2025,"POTBELLY #528 AMES SD00409R",21.74,"Restaurants"
05/04/2025,05/04/2025,"WALMART STORE 00749 AMES IA",23.28,"Merchandise"
05/04/2025,05/05/2025,"WALMART SC 00749 AMES IA",-9.61,"Payments and Credits"
05/05/2025,05/07/2025,"ISU WEST SIDE MARKET AMES IA",2.89,"Restaurants"
05/06/2025,05/07/2025,"PY *SMOKEY ROW CARLISLE CARLISLE IA",18.60,"Restaurants"
05/07/2025,05/07/2025,"FIX IT AUTO REPAIR AMES IA",862.66,"Automotive"
05/07/2025,05/07/2025,"INTERNET PAYMENT - THANK YOU",-516.85,"Payments and Credits"
05/08/2025,05/08/2025,"CASEYS #2406 PLEASANT HILLIA",3.52,"Gasoline"
05/08/2025,05/08/2025,"JIMMY JOHNS # 538 AMES IA",5.02,"Restaurants"
05/08/2025,05/08/2025,"WALMART STORE 00749 AMES IA",12.36,"Merchandise"
05/09/2025,05/09/2025,"INTERNET PAYMENT - THANK YOU",-884.15,"Payments and Credits"
05/09/2025,05/09/2025,"MODERN NAILS AMES IA",190.73,"Services"
05/09/2025,05/09/2025,"THE CAFE AMES IA",47.00,"Restaurants"
05/09/2025,05/09/2025,"WALMART STORE 00749 AMES IA",3.48,"Merchandise"
05/09/2025,05/09/2025,"WALMART STORE 00749 AMES IA",4.70,"Merchandise"
05/09/2025,05/09/2025,"WALMART STORE 00749 AMES IA",6.00,"Merchandise"
05/09/2025,05/09/2025,"WALMART STORE 00749 AMES IA",15.30,"Merchandise"
05/10/2025,05/10/2025,"JIMMY JOHNS - 1631 PELLA IA",16.46,"Restaurants"
05/10/2025,05/10/2025,"KUM&GO 1113R AMES AMES IA01047R",35.07,"Gasoline"
05/10/2025,05/10/2025,"KWIK STAR #1155 PLEASANT HILLIA",3.09,"Gasoline"
05/11/2025,05/11/2025,"INSOMNIA COOKIES-AMES AMES IA01165R",8.11,"Restaurants"
05/11/2025,05/11/2025,"WALMART STORE 00749 AMES IA",8.17,"Merchandise"
05/11/2025,05/11/2025,"WALMART STORE 00749 AMES IA",18.71,"Merchandise"
05/11/2025,05/12/2025,"WALMART SC 00749 AMES IA",-8.97,"Payments and Credits"
05/12/2025,05/12/2025,"WALMART STORE 00749 AMES IA",14.08,"Merchandise"
05/14/2025,05/14/2025,"DPS IOWA ST PARKING 515-294-1987 IA",20.00,"Education"
05/14/2025,05/14/2025,"JERSEY MIKES 38008 AMES IA",21.80,"Restaurants"
05/14/2025,05/14/2025,"THE ROASTERIE AMES IA",5.20,"Restaurants"
05/18/2025,05/18/2025,"CASEYS #2905 AMES IA",42.88,"Gasoline"
05/20/2025,05/20/2025,"CRUMBL AMES LINDON UT",4.49,"Supermarkets"
05/20/2025,05/20/2025,"EP ESTATES OF FLORIDA LL 719-3778296 CO",640.64,"Travel/ Entertainment"
05/20/2025,05/20/2025,"INTERNET PAYMENT - THANK YOU",-429.83,"Payments and Credits"
05/20/2025,05/20/2025,"WALMART STORE 00749 AMES IA",17.60,"Merchandise"
05/20/2025,05/20/2025,"WALMART STORE 00749 AMES IA",17.64,"Merchandise"
05/22/2025,05/22/2025,"JIMMY JOHNS - 1757 AMES IA",5.02,"Restaurants"
05/22/2025,05/22/2025,"KWIK STAR #710 TOLEDO IA",5.29,"Gasoline"
05/22/2025,05/22/2025,"KWIK STAR #710 TOLEDO IA",28.14,"Gasoline"
05/23/2025,05/23/2025,"RAISING CANES 0667 ALTOONA IA02368R",14.82,"Restaurants"
05/23/2025,05/23/2025,"WALMART STORE 00749 AMES IA",1.22,"Merchandise"
05/23/2025,05/23/2025,"WALMART STORE 00749 AMES IA",29.25,"Merchandise"
05/25/2025,05/25/2025,"HY-VEE F&F AMES 5018 AMES IA",8.96,"Gasoline"
05/25/2025,05/25/2025,"PAPA MURPHY'S IA019 OLO 319-688-9500 IA",19.49,"Restaurants"
05/25/2025,05/25/2025,"WALMART STORE 00749 AMES IA",3.27,"Merchandise"
05/26/2025,05/26/2025,"CASEYS #2614 DONNELLSON IA",14.11,"Gasoline"
05/26/2025,05/26/2025,"CASEYS #2694 PELLA IA",2.19,"Gasoline"
05/26/2025,05/26/2025,"CASEYS #2694 PELLA IA",40.99,"Gasoline"
05/26/2025,05/26/2025,"DOLLAR GENERAL #17637 DONNELLSON IA",16.55,"Merchandise"
05/26/2025,05/26/2025,"INTERNET PAYMENT - THANK YOU",-806.99,"Payments and Credits"
05/27/2025,05/27/2025,"FIVE STAR 7626 PADUCAH KY",4.22,"Gasoline"
05/27/2025,05/27/2025,"FIVE STAR 7626 PADUCAH KY",36.15,"Gasoline"
05/27/2025,05/27/2025,"FORDS GARAGE - PIER PARK P C BEACH FL",29.69,"Restaurants"
05/27/2025,05/27/2025,"SHELL12709713007 BIRMINGHAM AL",37.64,"Gasoline"
05/27/2025,05/27/2025,"SQ *BACK BEACH BARBECU PANAMA CITY BFL0002305843022128866122",10.75,"Restaurants"
05/27/2025,05/27/2025,"SQ *BACK BEACH BARBECU PANAMA CITY BFL0002305843022128811207",14.84,"Restaurants"
05/27/2025,05/27/2025,"STARBUCKS STORE 50270 PANAMA CITY FLD6D832EEAF29675505",5.23,"Restaurants"
05/27/2025,05/27/2025,"TEXACO 0359434 PANAMA CITY BFL00359434 3499555 N N",33.22,"Gasoline"
05/27/2025,05/27/2025,"THE FRESH MARKET 214 PANAMA CITY BFL",10.42,"Supermarkets"
05/27/2025,05/27/2025,"WAFFLE HOUSE 801 PRATTVILLE AL",32.00,"Restaurants"
05/27/2025,05/27/2025,"WALMART STORE 03119 PANAMA CITY BFL",11.66,"Merchandise"
05/27/2025,05/27/2025,"WALMART STORE 03119 PANAMA CITY BFL",48.58,"Merchandise"
05/28/2025,05/28/2025,"JERSEY MIKES 13117 PANAMA CITY BFL",19.65,"Restaurants"
05/28/2025,05/28/2025,"MCGUIRES IRISH PUB OF PANAMA CITY BFL",27.00,"Restaurants"
05/29/2025,05/29/2025,"TST*ZOLLOS PIZZA PANAMA CITY BFL00049271025343295636AA",28.31,"Restaurants"
05/30/2025,05/30/2025,"CIRCLE K # 23643 DOTHAN AL649497",35.95,"Gasoline"
05/30/2025,05/30/2025,"JIMMY JOHNS - 313 ATHENS GA",8.52,"Restaurants"
05/30/2025,05/30/2025,"MARATHON PETRO264168 BOSTWICK GA",6.01,"Gasoline"
05/30/2025,05/30/2025,"PILOT 04599 MONTEAGLE TN",14.26,"Gasoline"
05/30/2025,05/30/2025,"PILOT 04599 MONTEAGLE TN",27.45,"Gasoline"
05/30/2025,05/30/2025,"THE TOASTED YOLK CAFE - DOTHAN AL",50.00,"Restaurants"
05/30/2025,05/30/2025,"TST* PARLOR DOUGHNUTS- P P C BEACH FL",17.83,"Supermarkets"
05/30/2025,05/30/2025,"UNITY STORE CITGO SOCIAL CIRCLEGAL13229025",26.77,"Gasoline"
05/31/2025,05/31/2025,"CHIPOTLE ONLINE 949-524-4000 CA",22.22,"Restaurants"
05/31/2025,05/31/2025,"PILOT 00443 HIGGINSVILLE MO",2.73,"Gasoline"
05/31/2025,05/31/2025,"PILOT 00443 HIGGINSVILLE MO",31.40,"Gasoline"
05/31/2025,05/31/2025,"SHELL12823146001 NASHVILLE IL",46.75,"Gasoline"
06/01/2025,06/01/2025,"INTERNET PAYMENT - THANK YOU",-426.61,"Payments and Credits"
06/01/2025,06/01/2025,"TST* CARIBOU COFFEE - 13 WDM IA",5.84,"Restaurants"
06/01/2025,06/01/2025,"WALMART STORE 00749 AMES IA",180.15,"Merchandise"
06/03/2025,06/03/2025,"OPENAI *CHATGPT SUBSCR 4158799686 CA",20.00,"Merchandise"
06/04/2025,06/04/2025,"INTERNET PAYMENT - THANK YOU",-504.19,"Payments and Credits"
06/05/2025,06/05/2025,"WALMART STORE 00749 AMES IA",52.22,"Merchandise"
06/05/2025,06/07/2025,"PAYPAL *INSTITUTEEL 888-221-1161 CA",1.00,"Services"
06/05/2025,06/07/2025,"PAYPAL *INSTITUTEEL 888-221-1161 CA",16.00,"Services"
06/06/2025,06/07/2025,"NIKE DES MOINES 376 WEST DES MOI IA",81.56,"Merchandise"
06/06/2025,06/07/2025,"RAISING CANES 0665 WEST DES MOINIA00683R",12.29,"Restaurants"
06/07/2025,06/07/2025,"HY-VEE AMES 1013 AMES IA",5.49,"Supermarkets"
06/07/2025,06/07/2025,"PETCO 1683 AMES IA",124.09,"Merchandise"
06/09/2025,06/09/2025,"HANSEN S MANHATTAN DELI DES MOINES IA",37.07,"Restaurants"
06/09/2025,06/09/2025,"SQ *DONUTLAND URBANDALE IA0002305843022214122769",7.32,"Merchandise"
06/09/2025,06/09/2025,"SQ *FATHOM DES MOINES IA0001152921515561064633",192.60,"Services"
06/09/2025,06/09/2025,"WALMART STORE 00749 AMES IA",46.81,"Merchandise"
06/10/2025,06/10/2025,"AMAZON MKTPL*NA2WE4NY2 AMZN.COM/BILLWA2XXY7K4HB6N",30.48,"Merchandise"
06/11/2025,06/11/2025,"AMAZON MKTPL*NH1TP82A1 AMZN.COM/BILLWA26EYLERR3YX",36.37,"Merchandise"
06/11/2025,06/11/2025,"TST* BAR LA TOSCA AMES IA",9.30,"Restaurants"
06/11/2025,06/11/2025,"WALMART STORE 00749 AMES IA",30.43,"Merchandise"
06/12/2025,06/12/2025,"VETERINARY HOSPITAL OF S AMES IA",127.92,"Services"
06/12/2025,06/12/2025,"WALMART STORE 00749 AMES IA",34.84,"Merchandise"
06/13/2025,06/13/2025,"INTERNET PAYMENT - THANK YOU",-703.03,"Payments and Credits"
06/13/2025,06/13/2025,"OSIB BOSTON BACK BAY O BOSTON MA",1265.47,"Travel/ Entertainment"
06/13/2025,06/13/2025,"UNITED AIRLINES 18004214655 TX",24.71,"Travel/ Entertainment"
06/13/2025,06/13/2025,"UNITED AIRLINES 18004214655 TX",32.24,"Travel/ Entertainment"
06/13/2025,06/13/2025,"UNITED AIRLINES 18004214655 TX",98.16,"Travel/ Entertainment"
06/13/2025,06/13/2025,"UNITED AIRLINES 18004214655 TX",98.16,"Travel/ Entertainment"
06/14/2025,06/14/2025,"SQ *CHOCOLATERIE STAM AMES IA0002305843022254060646",4.67,"Restaurants"
06/14/2025,06/14/2025,"TST*30 HOP - ANKENY 20 ANKENY IA00228424025724991853AA",39.55,"Restaurants"
06/17/2025,06/17/2025,"INTERNET PAYMENT - THANK YOU",-1725.72,"Payments and Credits"
06/18/2025,06/18/2025,"BP#1672500BREW AMES AMES IA",41.80,"Gasoline"
06/18/2025,06/18/2025,"WALMART STORE 00749 AMES IA",64.75,"Merchandise"
06/19/2025,06/19/2025,"AMAZON MKTPL*NA7VF7I60 AMZN.COM/BILLWA6JQ75VETN0O",27.79,"Merchandise"
06/21/2025,06/21/2025,"WALMART STORE 01241 DAVENPORT IA",52.61,"Merchandise"
06/21/2025,06/23/2025,"UNITED AIRLINES 18004214655 TX",-32.24,"Payments and Credits"
06/21/2025,06/23/2025,"UNITED AIRLINES 18004214655 TX",-24.71,"Payments and Credits"
06/24/2025,06/24/2025,"MEX TAQUERIA & BAR CAMBRIDGE MA",9.00,"Restaurants"
06/27/2025,06/27/2025,"CHICK-FIL-A #03526 WDM IA",5.72,"Restaurants"
06/27/2025,06/27/2025,"DUNN BROTHERS COFFEE - 2 DAVENPORT IA",3.75,"Restaurants"
06/27/2025,06/27/2025,"SQ *CARLOS QUESADILLAS AMES IA0002305843022344937557",12.84,"Restaurants"
06/28/2025,06/28/2025,"CASEYS #2585 DYERSVILLE IA",44.31,"Gasoline"
06/28/2025,06/28/2025,"JIMMY JOHNS - 2490 CEDAR FALLS IA",20.29,"Restaurants"
06/28/2025,06/28/2025,"WALMART STORE 00749 AMES IA",11.74,"Merchandise"
06/28/2025,06/28/2025,"WALMART STORE 00749 AMES IA",26.11,"Merchandise"
06/29/2025,06/29/2025,"CASEYS #3577 OGALLALA NE",17.42,"Gasoline"
06/29/2025,06/29/2025,"KUM&GO 0518R ANKENY ANKENY IA1005351",17.53,"Gasoline"
06/29/2025,06/29/2025,"KUM&GO 0518R ANKENY ANKENY IA1005356",30.01,"Gasoline"
06/29/2025,06/29/2025,"SPEEDEE MART KEARNEY NE",2.19,"Gasoline"
06/29/2025,06/29/2025,"SPEEDEE MART KEARNEY NE",35.36,"Gasoline"
06/30/2025,06/30/2025,"KING SOOPERS #0027 HIGHLANDS RANCO",1.10,"Supermarkets"
07/02/2025,07/02/2025,"CIRCLE K 09878 CENTENNIAL CO867809",3.68,"Gasoline"
07/03/2025,07/03/2025,"INTERNET PAYMENT - THANK YOU",-367.37,"Payments and Credits"
07/04/2025,07/07/2025,"SNARFS BOWLES LITTLETON CO",39.21,"Restaurants"
07/05/2025,07/07/2025,"FRONTIER ONLINE DS DENVER CO",222.98,"Travel/ Entertainment"
07/07/2025,07/07/2025,"WALMART STORE 00749 AMES IA",15.38,"Merchandise"
07/08/2025,07/08/2025,"CASEYS #2566 ELY IA",25.00,"Gasoline"
07/08/2025,07/08/2025,"WALMART STORE 00749 AMES IA",17.59,"Merchandise"
07/09/2025,07/09/2025,"CHERRY CREEK 5940 DENVER CO",3.00,"Services"
07/09/2025,07/09/2025,"GARAGE DENVER CO",152.08,"Merchandise"
07/10/2025,07/10/2025,"HIGH SOCIETY PIZZA HIGHLANDS RANCO",16.85,"Restaurants"
07/10/2025,07/10/2025,"KING SOOPERS #0608 FUEL HIGHLANDS RANCO",48.90,"Gasoline"
07/10/2025,07/10/2025,"TARGET 00027169091 LITTLETON CO",139.30,"Supermarkets"
07/11/2025,07/11/2025,"INTERNET PAYMENT - THANK YOU",-323.84,"Payments and Credits"
07/11/2025,07/11/2025,"SQ *THE O.COFFEE COMPA CENTENNIAL CO0001152921515693024503",18.72,"Restaurants"
07/12/2025,07/12/2025,"TST*FLORA DENVER CO00176260026385437869AA",6.99,"Restaurants"
07/14/2025,07/14/2025,"SQ *WINSTON'S COFFEE ENGLEWOOD CO0001152921515706774757",24.13,"Restaurants"
07/16/2025,07/16/2025,"STARBUCKS STORE 06540 DENVER CO46D93CDC319D660330",3.73,"Restaurants"
07/19/2025,07/19/2025,"WALMART STORE 01252 HIGHLANDS RANCO",2.84,"Merchandise"
07/19/2025,07/19/2025,"WALMART STORE 01252 HIGHLANDS RANCO",88.75,"Merchandise"
07/19/2025,07/19/2025,"WHOLEFDS HLR 10142 HIGHLANDS RANCO",19.39,"Supermarkets"
07/20/2025,07/20/2025,"200079-MERCANTILESQ-PA 720-504-3620 CO02032R",10.00,"Services"
07/20/2025,07/20/2025,"CASHBACK BONUS REDEMPTION PYMT/STMT CRDT",-118.32,"Awards and Rebate Credits"
07/20/2025,07/20/2025,"IN-N-OUT LONE TREE LONE TREE CO02030R",9.03,"Restaurants"
07/20/2025,07/20/2025,"INTERNET PAYMENT - THANK YOU",-295.38,"Payments and Credits"
07/20/2025,07/20/2025,"TST* THE WILD - WYNKOOP DENVER CO",35.00,"Restaurants"
07/21/2025,07/21/2025,"AMAZON.COM*6X41R1XU3 AMZN.COM/BILLWAVTRQ0ETUHOM",94.77,"Merchandise"
07/21/2025,07/21/2025,"KING SOOPERS #0027 HIGHLANDS RANCO",20.59,"Supermarkets"
07/22/2025,07/22/2025,"AMAZON MKTPL*0K58J8DQ3 AMZN.COM/BILLWAQAP6G7OQQBD",12.59,"Merchandise"
07/22/2025,07/22/2025,"AMAZON MKTPL*II2IE4YW3 AMZN.COM/BILLWA1ZVFF5BTM1V",21.25,"Merchandise"
07/22/2025,07/22/2025,"AMAZON MKTPL*N188N13H2 AMZN.COM/BILLWAS6CZFK8GYN8",49.62,"Merchandise"
07/23/2025,07/23/2025,"SQ *WINSTON'S COFFEE ENGLEWOOD CO0001152921515746641747",11.90,"Restaurants"
07/24/2025,07/24/2025,"AMAZON MKTPL*P89BE5T13 AMZN.COM/BILLWA12MRDG678U0",19.12,"Merchandise"
07/24/2025,07/24/2025,"PETCO 0912 ENGLEWOOD CO",61.90,"Merchandise"
07/24/2025,07/24/2025,"WALMART STORE 01252 HIGHLANDS RANCO",44.65,"Merchandise"
07/25/2025,07/25/2025,"GOODWILL1039 - HIGHLANDS HIGHLANDS RANCO",2.09,"Merchandise"
07/25/2025,07/25/2025,"SQ *CRYSTAL COMMUNITEA CENTENNIAL CO0001152921515764517030",45.41,"Merchandise"
07/25/2025,07/25/2025,"WALMART STORE 01252 HIGHLANDS RANCO",4.39,"Merchandise"
07/25/2025,07/25/2025,"WALMART STORE 01252 HIGHLANDS RANCO",27.39,"Merchandise"
07/26/2025,07/26/2025,"CHICK-FIL-A #689 LITTLETON CO",6.91,"Restaurants"
07/27/2025,07/27/2025,"SQ *GREEN GIRAFFE BAR DENVER CO0001152921515778967907",12.42,"Restaurants"
07/28/2025,07/28/2025,"SQ *WINSTON'S COFFEE ENGLEWOOD CO0001152921515783177358",7.21,"Restaurants"
07/28/2025,07/28/2025,"TST* LODOUGH BAKERY DENVER CO",12.81,"Restaurants"
07/29/2025,07/29/2025,"PY *NIXONS COFFEE HOUSE HIGHLANDS RANCO",17.07,"Restaurants"
07/30/2025,07/30/2025,"KING SOOPERS #0027 HIGHLANDS RANCO",29.20,"Supermarkets"
07/31/2025,07/31/2025,"CKE*TOASTIQUE - HIGHLAND MORRISON CO",8.00,"Restaurants"
07/31/2025,07/31/2025,"JOYMO.TV 2015550123 DE",12.99,"Merchandise"
08/01/2025,08/01/2025,"SQ *HUCKLEBERRY ROASTE CENTENNIAL CO0001152921515798858131",19.00,"Restaurants"
08/01/2025,08/03/2025,"AMAZON.COM AMZN.COM/BILLWA5XA8AP9YW15",-94.49,"Payments and Credits"
08/01/2025,08/03/2025,"SQ *HUCKLEBERRY ROASTE CENTENNIAL CO0001152921515799164411",-7.20,"Payments and Credits"
08/02/2025,08/02/2025,"AMAZON MKTPL*G22Z58W13 AMZN.COM/BILLWA6VQVDJQOEV5",9.78,"Merchandise"
08/02/2025,08/02/2025,"SQ *FORTE FRUITS INC. ENGLEWOOD CO0001152921515803520116",8.32,"Supermarkets"
08/02/2025,08/02/2025,"SQ *GROUND UP COFFEE C LITTLETON CO0001152921515803754246",14.00,"Restaurants"
08/02/2025,08/02/2025,"TARGET 00017764091 LITTLETON CO",73.78,"Supermarkets"
08/03/2025,08/03/2025,"SAFEWAY FUEL 5827 LITTLETON CO",38.03,"Gasoline"
08/04/2025,08/04/2025,"GLOSS* DIVINE ESTHEVA 8557702098 CO",10.25,"Services"
08/04/2025,08/04/2025,"INTERNET PAYMENT - THANK YOU",-710.48,"Payments and Credits"
08/04/2025,08/04/2025,"WALMART STORE 01252 HIGHLANDS RANCO",15.45,"Merchandise"
08/05/2025,08/05/2025,"AMAZON MKTPL*918Q31WC3 AMZN.COM/BILLWA1FCDBI9ZZOV",39.10,"Merchandise"
08/05/2025,08/05/2025,"KING SOOPERS #0027 HIGHLANDS RANCO",5.99,"Supermarkets"
08/05/2025,08/07/2025,"PY *NIXONS COFFEE HOUSE HIGHLANDS RANCO",13.76,"Restaurants"
08/06/2025,08/07/2025,"LEMONADE INSURANCE NEW YORK NY",146.00,"Services"
08/06/2025,08/07/2025,"USPS CHANGE OF ADDRESS 800-238-3150 TN",1.25,"Government Services"
08/06/2025,08/07/2025,"WALMART STORE 01252 HIGHLANDS RANCO",33.33,"Merchandise"
08/07/2025,08/07/2025,"LEMONADE INSURANCE 8447338666 NY",20.00,"Services"
08/08/2025,08/08/2025,"PODS 800-776-7637 FL",3292.29,"Services"
08/09/2025,08/09/2025,"CHICK-FIL-A #02759 CENTENNIAL CO",3.58,"Restaurants"
08/09/2025,08/09/2025,"KING SOOPERS #0027 HIGHLANDS RANCO",2.29,"Supermarkets"
08/09/2025,08/09/2025,"KING SOOPERS #0027 HIGHLANDS RANCO",6.48,"Supermarkets"
08/09/2025,08/09/2025,"KING SOOPERS #0027 HIGHLANDS RANCO",8.58,"Supermarkets"
08/09/2025,08/09/2025,"KING SOOPERS #0027 HIGHLANDS RANCO",19.40,"Supermarkets"
08/10/2025,08/10/2025,"AMAZON MKTPL*0F81C8AK3 AMZN.COM/BILLWA4K7RIR7YYA9",39.12,"Merchandise"
08/10/2025,08/10/2025,"INTERNET PAYMENT - THANK YOU",-323.16,"Payments and Credits"
08/10/2025,08/10/2025,"KING SOOPERS #0027 HIGHLANDS RANCO",11.97,"Supermarkets"
08/11/2025,08/11/2025,"AMAZON MKTPL*5A1SU2TB3 AMZN.COM/BILLWAF4UZTHL18RF",20.13,"Merchandise"
08/11/2025,08/11/2025,"CASEY S #4526 LEXINGTON NE",11.90,"Gasoline"
08/11/2025,08/11/2025,"CASEY S #4526 LEXINGTON NE",40.83,"Gasoline"
08/11/2025,08/11/2025,"INTERNET PAYMENT - THANK YOU",-3329.04,"Payments and Credits"
08/11/2025,08/11/2025,"JENNY'S MARKET 7-11 #072 LONE TREE CO",36.01,"Gasoline"
08/11/2025,08/11/2025,"JIMMY JOHNS - CO- 635 LONE TREE CO",9.88,"Restaurants"
08/11/2025,08/11/2025,"SQ *WINSTON'S COFFEE ENGLEWOOD CO0001152921515866140394",22.09,"Restaurants"
08/11/2025,08/11/2025,"WALMART STORE 00637 LEXINGTON NE",17.27,"Merchandise"
08/12/2025,08/12/2025,"FLIP'N JACKS AMES IA",36.90,"Restaurants"
08/12/2025,08/12/2025,"MAVERIK #5066 ADAIR IA",2.69,"Gasoline"
08/12/2025,08/12/2025,"MAVERIK #5066 ADAIR IA",36.52,"Gasoline"
08/12/2025,08/12/2025,"WALMART STORE 00749 AMES IA",74.47,"Merchandise"
08/13/2025,08/13/2025,"PAPA JOHNS #2745 AMES IA",23.53,"Restaurants"
08/13/2025,08/13/2025,"WALMART STORE 00749 AMES IA",29.81,"Merchandise"
08/15/2025,08/15/2025,"CASEYS #2916 ALTOONA IA",29.33,"Gasoline"
08/15/2025,08/15/2025,"PY *PROVISIONS LOT F AMES IA",51.00,"Restaurants"
08/15/2025,08/15/2025,"RAISING CANES 0667 ALTOONA IA01511R",7.22,"Restaurants"
08/15/2025,08/15/2025,"RAISING CANES 0667 ALTOONA IA01587R",7.51,"Restaurants"
08/16/2025,08/16/2025,"DUNN BROTHERS COFFEE - 2 DAVENPORT IA",1.92,"Restaurants"
08/16/2025,08/16/2025,"PETSMART # 0271 DAVENPORT IA",58.84,"Merchandise"
08/16/2025,08/16/2025,"PODS 800-776-7637 FL",496.24,"Services"
08/16/2025,08/16/2025,"STEAK-N-SHAKE#0215 Q99 DAVENPORT IA",5.34,"Restaurants"
08/18/2025,08/18/2025,"HY-VEE DAVENPORT 1108 DAVENPORT IA",29.97,"Supermarkets"
08/20/2025,08/20/2025,"HY-VEE DAVENPORT F&F 2 7 DAVENPORT IA",20.30,"Gasoline"
08/20/2025,08/20/2025,"HY-VEE DAVENPORT F&F 2 7 DAVENPORT IA",28.00,"Gasoline"
08/20/2025,08/20/2025,"SQ *HURTS DONUT COMPAN BETTENDORF IA0002305843022694297398",9.96,"Restaurants"
08/20/2025,08/20/2025,"WALMART STORE 01241 DAVENPORT IA",19.36,"Merchandise"
08/21/2025,08/21/2025,"CASEYS #3905 SHELBYVILLE IN",32.26,"Gasoline"
08/21/2025,08/21/2025,"EXXONMOBIL BECKLEY WV",21.62,"Gasoline"
08/21/2025,08/21/2025,"MARATHON PETRO110577 PEEBLES OH",26.04,"Gasoline"
08/21/2025,08/21/2025,"WVTP BECKLEY MOUNTAINEER BECKLEY WV",4.80,"Supermarkets"
08/23/2025,08/23/2025,"PODS 800-776-7637 FL",126.75,"Services"
08/23/2025,08/23/2025,"TST*AND DIM SUM RICHMOND VA00147092027396826424AA",37.45,"Restaurants"
08/24/2025,08/24/2025,"SHELL57543992903 WOODBRIDGE VA",33.12,"Gasoline"
08/25/2025,08/25/2025,"WALMART STORE 07032 HENRICO VA",202.52,"Merchandise"
08/26/2025,08/26/2025,"GARNETT S CAFE RICHMOND VA",44.00,"Restaurants"
08/26/2025,08/26/2025,"SQ *ALCHEMY COFFEE RICHMOND VA0002305843022736498888",11.00,"Restaurants"
08/27/2025,08/27/2025,"WALMART STORE 04191 RICHMOND VA",189.43,"Merchandise"
08/28/2025,08/28/2025,"BAC*BACK MARKET 855-442-6688 NY",156.69,"Services"
08/28/2025,08/28/2025,"TST*SUGAR SHACK - LUTH RICHMOND VA00014203027492532088AA",3.22,"Restaurants"
08/29/2025,08/29/2025,"JIMMY JOHNS - 1741 RICHMOND VA",18.73,"Restaurants"
08/29/2025,08/29/2025,"PY *STELLAS GRACE STREET RICHMOND VA",9.90,"Supermarkets"
08/31/2025,08/31/2025,"AMAZON MKTPL*MZ7IE0SO3 AMZN.COM/BILLWA1W65IKEO0Y3",16.94,"Merchandise"
08/31/2025,08/31/2025,"JOYMO.TV 2015550123 DE",12.99,"Merchandise"
08/31/2025,08/31/2025,"PY *STELLAS GRACE STREET RICHMOND VA",13.61,"Supermarkets"
08/31/2025,08/31/2025,"SQ *JC DESSERTS FORRES LYNCHBURG VA0002305843022778056534",6.90,"Merchandise"
08/31/2025,08/31/2025,"SQ *SCOOP RICHMOND VA0002305843022783470545",8.74,"Restaurants"
09/01/2025,09/01/2025,"BP#6644090TA ASHLAND ASHLAND VA",41.32,"Gasoline"
09/01/2025,09/01/2025,"STARBUCKS 10847 ASHLAND VA",4.90,"Restaurants"
09/06/2025,09/07/2025,"SQ *IDLE HANDS BREAD C RICHMOND VA0002305843022818724842",36.22,"Merchandise"
09/06/2025,09/07/2025,"SQ *REDEMPTION THRIFT HENRICO VA0002305843022820965429",7.42,"Merchandise"
09/07/2025,09/07/2025,"KROGER #511 RICHMOND VA",16.91,"Supermarkets"
09/07/2025,09/07/2025,"LOWE'S OF CENTRAL RICHMO RICHMOND VA",5.28,"Home Improvement"
09/08/2025,09/08/2025,"LAGROTTA RISTORANTE RICHMOND VA",18.00,"Restaurants"
09/08/2025,09/08/2025,"PY *STELLAS GRACE STREET RICHMOND VA",9.08,"Supermarkets"
09/10/2025,09/10/2025,"WALMART STORE 07032 HENRICO VA",5.33,"Merchandise"
09/11/2025,09/11/2025,"MARATHON PETRO222273 RUTHER GLEN VA",36.74,"Gasoline"
09/13/2025,09/13/2025,"KROGER #511 RICHMOND VA",51.25,"Supermarkets"
09/13/2025,09/13/2025,"SUGAR & TWINE RICHMOND VA",17.30,"Restaurants"
09/16/2025,09/16/2025,"WHOLEFDS WBS#10598 RICHMOND VAAPPLE PAY ENDING IN 9961",27.27,"Supermarkets"
09/19/2025,09/19/2025,"PETCO 2866 RICHMOND VA",61.47,"Merchandise"
09/22/2025,09/22/2025,"INTERNET PAYMENT - THANK YOU",-1000.00,"Payments and Credits"
09/24/2025,09/24/2025,"TST*SPOTTY DOG ICE CRE RICHMOND VA00098874028006780520AA",8.51,"Restaurants"
09/25/2025,09/25/2025,"AMAZON MKTPL*FN9B77U53 AMZN.COM/BILLWAR0QWL87PKA3",4.23,"Merchandise"
09/26/2025,09/26/2025,"MTA 7 LLC RICHMOND VA",2.97,"Merchandise"
09/30/2025,09/30/2025,"USATF.TV JOYMO.TV 2015550123 DE",12.99,"Merchandise"
10/01/2025,10/01/2025,"SQ *OTTO DUE UNO RICHMOND VA0002305843023015969000",13.62,"Restaurants"
10/02/2025,10/02/2025,"DIRECTPAY FULL BALANCESEE DETAILS OF YOUR NEXT DIRECTPAY BELOW",-1204.62,"Payments and Credits"
10/03/2025,10/03/2025,"7-ELEVEN 22350 RICHMOND VA",41.15,"Gasoline"
10/05/2025,10/05/2025,"KROGER #511 RICHMOND VA",53.85,"Supermarkets"
10/05/2025,10/07/2025,"ALDI 80007 RICHMOND VA",92.11,"Supermarkets"
10/09/2025,10/09/2025,"TST*LOLITAS RVA RICHMOND VA00017567028257361033AA",56.00,"Restaurants"
10/11/2025,10/11/2025,"PUBLIX #1596 RICHMOND VA",10.26,"Supermarkets"
10/11/2025,10/11/2025,"TARGET 00024364091 RICHMOND VA",62.68,"Merchandise"
10/16/2025,10/16/2025,"BAMBOO CAFE RICHMOND VA",21.00,"Restaurants"
10/18/2025,10/18/2025,"COUNTRY CORNER MARKE LOUISA VAL17097019",4.10,"Gasoline"
10/18/2025,10/18/2025,"EAST OF MAUI GORDONSVILLE VA",7.31,"Restaurants"
10/19/2025,10/19/2025,"CASHBACK BONUS REDEMPTION PYMT/STMT CRDT",-103.91,"Awards and Rebate Credits"
10/19/2025,10/19/2025,"INTERNET PAYMENT - THANK YOU",-567.73,"Payments and Credits"
10/21/2025,10/21/2025,"PETCO 2866 RICHMOND VA",61.47,"Merchandise"
10/23/2025,10/23/2025,"AMOCO#2423000TA RICHMOND ASHLAND VA",4.55,"Gasoline"
10/23/2025,10/23/2025,"AMOCO#2423000TA RICHMOND ASHLAND VA",25.41,"Gasoline"
10/25/2025,10/25/2025,"TARGET 00024364091 RICHMOND VA",75.28,"Merchandise"
10/25/2025,10/25/2025,"WALMART STORE 07032 HENRICO VA",21.56,"Merchandise"
10/26/2025,10/26/2025,"PETCO 2866 RICHMOND VA",15.05,"Merchandise"
10/26/2025,10/26/2025,"WALGREENS #3853 RICHMOND VA",32.57,"Merchandise"
11/16/2025,11/16/2025,"EXPEDIA 73302472455890 EXPEDIA.COM NV",90.39,"Travel/ Entertainment"
11/16/2025,11/16/2025,"JIMMY JOHNS - 1003 SAINT JOSEPH MO",17.53,"Restaurants"
11/19/2025,11/19/2025,"SHEETZ 0884 RICHMOND VAAPPLE PAY ENDING IN 9961",8.57,"Gasoline"
11/29/2025,11/29/2025,"WALMART WMTPAY 05441 TOPEKA KS",18.57,"Merchandise"
12/02/2025,12/02/2025,"DIRECTPAY FULL BALANCESEE DETAILS OF YOUR NEXT DIRECTPAY BELOW",-247.30,"Payments and Credits"
